{"cameraMode":{"drawMode":0,"name":"Shaded","section":"Shading Mode"},"sceneLighting":false,"audioPlay":false,"sceneViewState":{"m_AlwaysRefresh":false,"showFog":true,"showSkybox":false,"showFlares":true,"showImageEffects":true,"showParticleSystems":true,"showVisualEffectGraphs":true,"m_FxEnabled":true},"in2DMode":false,"pivot":{"x":3.219209671020508,"y":1.2610875368118287,"z":-0.7543544173240662},"rotation":{"x":-0.14343075454235078,"y":0.07177915424108505,"z":-0.010431000031530857,"w":-0.9870002865791321},"size":1.347589373588562,"orthographic":false}