{"cameraMode":{"drawMode":0,"name":"Shaded","section":"Shading Mode"},"sceneLighting":true,"audioPlay":false,"sceneViewState":{"m_AlwaysRefresh":false,"showFog":true,"showSkybox":true,"showFlares":true,"showImageEffects":true,"showParticleSystems":true,"showVisualEffectGraphs":true,"m_FxEnabled":true},"in2DMode":false,"pivot":{"x":0.31193894147872927,"y":0.5632908344268799,"z":4.405259132385254},"rotation":{"x":-0.10356458276510239,"y":-0.033714648336172107,"z":0.003512004856020212,"w":-0.9940511584281921},"size":15.804289817810059,"orthographic":false}