{"cameraMode":{"drawMode":0,"name":"Shaded","section":"Shading Mode"},"sceneLighting":false,"audioPlay":false,"sceneViewState":{"m_AlwaysRefresh":false,"showFog":true,"showSkybox":false,"showFlares":true,"showImageEffects":true,"showParticleSystems":true,"showVisualEffectGraphs":true,"m_FxEnabled":true},"in2DMode":false,"pivot":{"x":1.1920928955078126e-7,"y":0.8789876103401184,"z":0.0028836801648139955},"rotation":{"x":-0.05935221165418625,"y":0.8400571346282959,"z":-0.0938945859670639,"w":-0.5310124754905701},"size":1.3160293102264405,"orthographic":false}