{"cameraMode":{"drawMode":0,"name":"Shaded","section":"Shading Mode"},"sceneLighting":false,"audioPlay":false,"sceneViewState":{"m_AlwaysRefresh":false,"showFog":true,"showSkybox":false,"showFlares":true,"showImageEffects":true,"showParticleSystems":true,"showVisualEffectGraphs":true,"m_FxEnabled":true},"in2DMode":false,"pivot":{"x":0.39466404914855959,"y":1.2260385751724244,"z":1.8312814235687256},"rotation":{"x":-0.15980535745620728,"y":0.1465926617383957,"z":-0.024004660546779634,"w":-0.9759088754653931},"size":1.0268635749816895,"orthographic":false}