{"cameraMode":{"drawMode":0,"name":"Shaded","section":"Shading Mode"},"sceneLighting":false,"audioPlay":false,"sceneViewState":{"m_AlwaysRefresh":false,"showFog":true,"showSkybox":false,"showFlares":true,"showImageEffects":true,"showParticleSystems":true,"showVisualEffectGraphs":true,"m_FxEnabled":true},"in2DMode":false,"pivot":{"x":2.0004985332489015,"y":1.2529696226119996,"z":0.4363982081413269},"rotation":{"x":-0.14343075454235078,"y":0.07177915424108505,"z":-0.010431000031530857,"w":-0.9870002865791321},"size":1.3554542064666749,"orthographic":false}