{"cameraMode":{"drawMode":0,"name":"Shaded","section":"Shading Mode"},"sceneLighting":false,"audioPlay":false,"sceneViewState":{"m_AlwaysRefresh":false,"showFog":true,"showSkybox":false,"showFlares":true,"showImageEffects":true,"showParticleSystems":true,"showVisualEffectGraphs":true,"m_FxEnabled":true},"in2DMode":false,"pivot":{"x":0.27711451053619387,"y":1.250341773033142,"z":1.5735793113708497},"rotation":{"x":-0.14343075454235078,"y":0.07177915424108505,"z":-0.010431000031530857,"w":-0.9870002865791321},"size":1.3685461282730103,"orthographic":false}