{"cameraMode":{"drawMode":0,"name":"Shaded","section":"Shading Mode"},"sceneLighting":false,"audioPlay":false,"sceneViewState":{"m_AlwaysRefresh":false,"showFog":true,"showSkybox":false,"showFlares":true,"showImageEffects":true,"showParticleSystems":true,"showVisualEffectGraphs":true,"m_FxEnabled":true},"in2DMode":false,"pivot":{"x":1.9883925914764405,"y":1.257865071296692,"z":-0.7090396285057068},"rotation":{"x":-0.006226152181625366,"y":-0.16218098998069764,"z":0.00102264154702425,"w":-0.9867456555366516},"size":1.3394486904144288,"orthographic":false}